Algorithm,Elapsed_Time,Best_Objective
GRASP,0.851142,7603.27
GRASP,3.111197,7640.81
GRASP,6.81042,7645.07
GRASP,11.303646,7674.79
GRASP,22.90799,7719.41
GRASP,93.129523,7728.74
GRASP+TS,120.027063,7771.66
