Algorithm,Elapsed_Time,Best_Objective
GRASP,4.013743,7603.27
GRASP,15.051466,7640.81
GRASP,31.370066,7645.07
GRASP,51.889271,7674.79
GRASP,105.913188,7719.41
GRASP+TS,120.061039,7745.98
